Timestamp,clones,unique_cloner,views,unique_viewer
2022-03-14 00:00:00,12,2,91,6
2022-03-15 00:00:00,33,8,83,11
2022-03-18 00:00:00,11,2,22,9
2022-03-19 00:00:00,18,6,37,12
2022-03-21 00:00:00,27,4,18,6
2022-03-22 00:00:00,135,3,29,7
2022-03-23 00:00:00,172,11,58,7
2022-03-24 00:00:00,30,6,633,8
2022-03-25 00:00:00,85,5,445,12
2022-03-26 00:00:00,3,3,79,13
2022-03-27 00:00:00,1,1,6,2
2022-03-28 00:00:00,128,5,19,3
2022-03-29 00:00:00,79,2,308,13
2022-03-31 00:00:00,75,5,55,10
2022-04-01 00:00:00,39,4,224,11
2022-04-04 00:00:00,233,10,64,9
2022-04-05 00:00:00,293,1,1,1
2022-04-06 00:00:00,23,2,10,3
2022-04-07 00:00:00,1,1,1,1
2022-04-08 00:00:00,11,2,545,10
2022-04-11 00:00:00,9,1,97,7
2022-04-12 00:00:00,22,1,21,4
2022-04-13 00:00:00,121,4,28,10
2022-04-15 00:00:00,21,3,9,3
2022-04-15 00:00:00,21,3,27,8
2022-04-20 00:00:00,16,1,52,7
2022-04-21 00:00:00,39,4,131,22
2022-04-23 00:00:00,4,1,27,8
2022-04-24 00:00:00,0,0,23,2
2022-04-25 00:00:00,0,0,77,13
2022-04-26 00:00:00,0,0,19,5
2022-04-27 00:00:00,68,8,145,17
2022-04-28 00:00:00,11,2,135,19
2022-04-29 00:00:00,17,1,65,11
2022-04-30 00:00:00,0,0,2,2
2022-04-30 00:00:00,0,0,2,2
2022-05-02 00:00:00,38,5,96,13
2022-05-03 00:00:00,0,0,29,10
2022-05-04 00:00:00,1,1,24,4
2022-05-05 00:00:00,1,1,37,5
2022-05-06 00:00:00,2,2,35,7
2022-05-07 00:00:00,0,0,2,1
2022-05-07 00:00:00,0,0,2,1
2022-05-09 00:00:00,0,0,37,9
2022-05-10 00:00:00,9,1,71,15
2022-05-11 00:00:00,8,1,31,7
2022-05-12 00:00:00,70,8,246,28
2022-05-13 00:00:00,28,9,76,17
2022-05-14 00:00:00,0,0,15,3
2022-05-15 00:00:00,0,0,3,2
2022-05-16 00:00:00,1,1,41,4
2022-05-17 00:00:00,2,2,56,5
2022-05-18 00:00:00,1,1,52,10
2022-05-19 00:00:00,33,2,114,12
2022-05-20 00:00:00,33,6,103,16
2022-05-21 00:00:00,1,1,1,1
2022-05-22 00:00:00,0,0,8,2
2022-05-23 00:00:00,35,9,110,14
2022-05-24 00:00:00,1,1,31,12
2022-05-25 00:00:00,9,2,54,8
2022-05-26 00:00:00,44,2,88,16
2022-05-27 00:00:00,36,2,103,9
2022-05-28 00:00:00,0,0,1,1
2022-05-29 00:00:00,0,0,1,1
2022-05-30 00:00:00,0,0,16,6
2022-05-31 00:00:00,1,1,32,6
2022-06-01 00:00:00,1,1,36,15
2022-06-02 00:00:00,1,1,21,3
2022-06-03 00:00:00,14,4,45,8
2022-06-04 00:00:00,0,0,13,2
2022-06-05 00:00:00,0,0,4,3
2022-06-06 00:00:00,0,0,131,10
2022-06-07 00:00:00,2,1,20,13
2022-06-08 00:00:00,8,1,134,14
2022-06-09 00:00:00,8,1,41,7
2022-06-10 00:00:00,124,12,305,13
2022-06-11 00:00:00,29,2,75,4
2022-06-12 00:00:00,29,4,59,3
2022-06-13 00:00:00,53,5,93,3
2022-06-14 00:00:00,5,3,28,6
2022-06-15 00:00:00,24,1,74,8
2022-06-16 00:00:00,20,3,46,8
2022-06-17 00:00:00,3,3,29,5
2022-06-18 00:00:00,0,0,13,2
2022-06-19 00:00:00,1,1,2,1
2022-06-20 00:00:00,52,10,61,5
2022-06-21 00:00:00,1,1,80,12
2022-06-22 00:00:00,0,0,46,11
2022-06-23 00:00:00,65,9,352,8
2022-06-24 00:00:00,2,2,46,7
2022-06-25 00:00:00,1,1,8,3
2022-06-25 00:00:00,1,1,8,3
2022-06-27 00:00:00,41,5,99,10
2022-06-28 00:00:00,0,0,69,9
2022-06-29 00:00:00,3,2,73,2
2022-06-30 00:00:00,136,3,139,8
2022-07-01 00:00:00,16,4,53,8
2022-07-02 00:00:00,1,1,32,1
2022-07-03 00:00:00,1,1,1,1
2022-07-04 00:00:00,2,1,2,2
2022-07-05 00:00:00,4,3,23,7
2022-07-06 00:00:00,1,1,76,4
2022-07-07 00:00:00,40,1,173,13
2022-07-08 00:00:00,36,6,102,5
2022-07-11 00:00:00,0,0,2,1
2022-07-12 00:00:00,4,3,50,11
2022-07-13 00:00:00,2,2,20,6
2022-07-14 00:00:00,1,1,17,2
2022-07-15 00:00:00,51,1,67,7
2022-07-16 00:00:00,2,1,23,5
2022-07-17 00:00:00,0,0,11,1
2022-07-18 00:00:00,25,3,98,6
2022-07-19 00:00:00,2,2,54,10
2022-07-20 00:00:00,1,1,59,10
2022-07-21 00:00:00,33,3,56,7
2022-07-22 00:00:00,4,3,18,3
2022-07-24 00:00:00,0,0,1,1
2022-07-25 00:00:00,162,10,254,8
2022-07-26 00:00:00,51,7,107,6
2022-07-27 00:00:00,0,0,52,3
2022-07-28 00:00:00,42,2,73,5
2022-07-29 00:00:00,1,1,23,3
2022-07-30 00:00:00,1,1,15,1
2022-07-30 00:00:00,1,1,15,1
2022-08-01 00:00:00,1,1,34,7
2022-08-02 00:00:00,21,2,26,2
2022-08-03 00:00:00,113,7,169,7
2022-08-04 00:00:00,2,2,33,3
2022-08-05 00:00:00,3,2,46,7
2022-08-05 00:00:00,3,2,46,7
2022-08-07 00:00:00,0,0,2,1
2022-08-08 00:00:00,0,0,11,6
2022-08-09 00:00:00,76,4,91,5
2022-08-10 00:00:00,0,0,17,7
2022-08-11 00:00:00,3,2,10,2
2022-08-12 00:00:00,3,2,5,2
2022-08-12 00:00:00,3,2,5,2
2022-08-14 00:00:00,0,0,1,1
2022-08-15 00:00:00,36,5,57,3
2022-08-16 00:00:00,0,0,151,4
2022-08-17 00:00:00,37,5,117,5
2022-08-18 00:00:00,20,1,48,6
2022-08-19 00:00:00,26,4,25,4
2022-08-20 00:00:00,1,1,2,2
2022-08-21 00:00:00,70,1,71,3
2022-08-22 00:00:00,62,7,88,5
2022-08-23 00:00:00,87,12,206,7
2022-08-24 00:00:00,1,1,46,9
2022-08-25 00:00:00,1,1,48,5
2022-08-26 00:00:00,30,8,34,7
2022-08-27 00:00:00,6,3,3,3
2022-08-28 00:00:00,1,1,3,2
2022-08-29 00:00:00,3,1,21,6
2022-08-30 00:00:00,51,1,58,5
2022-08-31 00:00:00,18,6,28,6
2022-09-01 00:00:00,1,1,10,4
2022-09-02 00:00:00,2,2,33,2
2022-09-02 00:00:00,2,2,33,2
2022-09-04 00:00:00,0,0,3,2
2022-09-05 00:00:00,0,0,1,1
2022-09-06 00:00:00,32,1,94,6
2022-09-07 00:00:00,2,2,25,5
2022-09-08 00:00:00,24,1,99,5
2022-09-09 00:00:00,41,2,71,10
2022-09-10 00:00:00,0,0,9,3
2022-09-11 00:00:00,0,0,2,1
2022-09-12 00:00:00,70,7,138,16
2022-09-13 00:00:00,17,3,90,13
2022-09-14 00:00:00,2,2,31,12
2022-09-15 00:00:00,50,2,58,5
2022-09-16 00:00:00,31,3,78,8
2022-09-16 00:00:00,31,3,78,8
2022-09-18 00:00:00,2,2,7,2
2022-09-19 00:00:00,0,0,41,5
2022-09-20 00:00:00,1,1,10,5
2022-09-21 00:00:00,1,1,16,3
2022-09-22 00:00:00,16,4,100,7
2022-09-23 00:00:00,42,4,47,4
2022-09-23 00:00:00,42,4,47,4
2022-09-23 00:00:00,42,4,47,4
2022-09-26 00:00:00,1,1,81,8
2022-09-27 00:00:00,0,0,55,8
2022-09-28 00:00:00,93,5,261,7
2022-09-29 00:00:00,30,4,31,8
2022-09-30 00:00:00,3,3,10,4
2022-10-01 00:00:00,0,0,1,1
2022-10-02 00:00:00,1,1,2,1
2022-10-03 00:00:00,1,1,92,4
2022-10-04 00:00:00,2,1,53,7
2022-10-05 00:00:00,82,3,134,5
2022-10-06 00:00:00,0,0,38,12
2022-10-07 00:00:00,89,5,144,8
2022-10-08 00:00:00,16,3,64,5
2022-10-09 00:00:00,3,2,16,3
2022-10-10 00:00:00,2,1,51,9
2022-10-11 00:00:00,63,1,113,5
2022-10-12 00:00:00,1,1,29,7
2022-10-13 00:00:00,1,1,60,6
2022-10-14 00:00:00,2,2,27,4
2022-10-15 00:00:00,0,0,1,1
2022-10-16 00:00:00,1,1,2,1
2022-10-17 00:00:00,1,1,24,7
2022-10-18 00:00:00,3,3,32,7
2022-10-19 00:00:00,1,1,50,9
2022-10-20 00:00:00,79,8,144,8
2022-10-21 00:00:00,38,6,43,4
2022-10-22 00:00:00,2,2,5,3
2022-10-23 00:00:00,0,0,2,1
2022-10-24 00:00:00,3,3,13,6
2022-10-25 00:00:00,6,4,10,4
2022-10-26 00:00:00,0,0,10,3
2022-10-27 00:00:00,3,3,24,6
2022-10-28 00:00:00,54,6,97,9
2022-10-29 00:00:00,5,2,1,1
2022-10-31 00:00:00,3,3,77,7
2022-11-01 00:00:00,21,5,120,13
2022-11-02 00:00:00,20,5,80,15
2022-11-03 00:00:00,177,7,305,17
2022-11-04 00:00:00,163,7,181,15
2022-11-05 00:00:00,2,2,1,1
2022-11-06 00:00:00,1,1,4,2
2022-11-07 00:00:00,17,3,53,10
2022-11-08 00:00:00,20,4,18,3
2022-11-09 00:00:00,10,10,38,12
2022-11-10 00:00:00,3,3,31,8
2022-11-11 00:00:00,33,2,55,10
2022-11-12 00:00:00,36,5,10,3
2022-11-13 00:00:00,0,0,6,1
2022-11-14 00:00:00,165,8,222,20
2022-11-15 00:00:00,128,8,239,11
2022-11-16 00:00:00,194,8,424,15
2022-11-17 00:00:00,59,6,192,8
2022-11-18 00:00:00,115,5,156,8
2022-11-19 00:00:00,3,2,1,1
2022-11-20 00:00:00,62,3,47,3
2022-11-21 00:00:00,123,10,215,8
2022-11-22 00:00:00,7,5,44,10
2022-11-23 00:00:00,33,2,66,4
2022-11-24 00:00:00,1,1,1,1
2022-11-25 00:00:00,3,2,1,1
2022-11-26 00:00:00,0,0,28,2
2022-11-28 00:00:00,34,5,56,8
2022-11-29 00:00:00,0,0,48,7
2022-11-30 00:00:00,69,7,261,15
2022-12-01 00:00:00,62,9,102,9
2022-12-02 00:00:00,37,4,61,6
2022-12-03 00:00:00,0,0,7,3
2022-12-04 00:00:00,2,1,4,2
2022-12-05 00:00:00,39,6,92,11
2022-12-06 00:00:00,79,4,112,8
2022-12-07 00:00:00,72,7,111,11
2022-12-08 00:00:00,2,2,20,7
2022-12-09 00:00:00,4,4,8,3
2022-12-10 00:00:00,0,0,3,3
2022-12-12 00:00:00,2,1,12,5
2022-12-13 00:00:00,5,3,35,8
2022-12-14 00:00:00,1,1,38,7
2022-12-15 00:00:00,50,4,84,9
2022-12-16 00:00:00,71,6,91,13
2022-12-17 00:00:00,1,1,1,1
2022-12-19 00:00:00,1,1,22,6
2022-12-20 00:00:00,50,4,80,18
2022-12-21 00:00:00,0,0,12,5
2022-12-22 00:00:00,1,1,22,7
2022-12-23 00:00:00,1,1,10,7
2022-12-25 00:00:00,0,0,1,1
2022-12-28 00:00:00,10,5,2,2
2022-12-29 00:00:00,169,10,123,9
2022-12-31 00:00:00,2,1,3,3
2023-01-01 00:00:00,11,7,9,1
2023-01-02 00:00:00,1,1,17,4
2023-01-03 00:00:00,16,8,35,12
2023-01-04 00:00:00,10,6,32,10
2023-01-05 00:00:00,4,4,65,10
2023-01-06 00:00:00,1,1,11,6
2023-01-06 00:00:00,1,1,11,6
2023-01-08 00:00:00,1,1,6,4
2023-01-09 00:00:00,0,0,15,3
2023-01-10 00:00:00,2,2,5,4
2023-01-11 00:00:00,1,1,72,8
2023-01-12 00:00:00,1,1,22,9
2023-01-13 00:00:00,1,1,14,5
2023-01-13 00:00:00,1,1,14,5
2023-01-15 00:00:00,1,1,7,1
2023-01-16 00:00:00,0,0,46,4
2023-01-17 00:00:00,0,0,10,3
2023-01-18 00:00:00,0,0,11,2
2023-01-19 00:00:00,0,0,18,9
2023-01-20 00:00:00,1,1,17,8
2023-01-21 00:00:00,0,0,6,1
2023-01-22 00:00:00,0,0,1,1
2023-01-23 00:00:00,0,0,5,2
2023-01-24 00:00:00,0,0,16,5
2023-01-25 00:00:00,19,1,128,11
2023-01-26 00:00:00,102,6,170,13
2023-01-27 00:00:00,36,3,133,23
2023-01-28 00:00:00,0,0,11,3
2023-01-29 00:00:00,20,4,5,3
2023-01-30 00:00:00,1,1,65,13
2023-01-31 00:00:00,1,1,34,5
2023-02-01 00:00:00,3,2,41,12
2023-02-02 00:00:00,50,4,87,9
2023-02-03 00:00:00,4,2,8,4
2023-02-04 00:00:00,4,2,3,2
2023-02-05 00:00:00,2,2,1,1
2023-02-06 00:00:00,132,6,189,9
2023-02-07 00:00:00,35,3,80,7
2023-02-08 00:00:00,3,2,22,7
2023-02-09 00:00:00,1,1,83,8
2023-02-10 00:00:00,1,1,69,18
2023-02-11 00:00:00,2,2,4,1
2023-02-12 00:00:00,0,0,1,1
2023-02-13 00:00:00,2,1,10,6
2023-02-14 00:00:00,2,2,22,4
2023-02-15 00:00:00,4,3,120,23
2023-02-16 00:00:00,4,3,77,18
2023-02-17 00:00:00,62,2,70,10
2023-02-18 00:00:00,73,4,106,6
2023-02-19 00:00:00,3,3,18,2
2023-02-20 00:00:00,266,8,354,7
2023-02-21 00:00:00,19,3,55,10
2023-02-22 00:00:00,21,5,73,11
2023-02-23 00:00:00,81,7,158,8
2023-02-24 00:00:00,4,1,66,15
2023-02-26 00:00:00,0,0,16,5
2023-02-27 00:00:00,66,3,75,8
2023-02-28 00:00:00,21,5,76,10
2023-03-01 00:00:00,1,1,26,9
2023-03-02 00:00:00,7,4,75,9
2023-03-03 00:00:00,84,6,85,14
2023-03-04 00:00:00,2,1,16,3
2023-03-05 00:00:00,0,0,1,1
2023-03-06 00:00:00,3,3,11,6
2023-03-07 00:00:00,1,1,21,11
2023-03-08 00:00:00,2,1,46,8
2023-03-09 00:00:00,3,2,48,8
2023-03-09 00:00:00,3,2,81,13
2023-03-10 00:00:00,182,7,327,14
2023-03-11 00:00:00,57,4,70,8
2023-03-12 00:00:00,5,2,31,6
2023-03-13 00:00:00,55,7,77,7
2023-03-14 00:00:00,30,13,38,15
2023-03-15 00:00:00,4,2,36,7
2023-03-16 00:00:00,32,2,48,12
2023-03-17 00:00:00,135,9,345,14
2023-03-18 00:00:00,40,6,47,4
2023-03-19 00:00:00,32,1,66,5
2023-03-20 00:00:00,75,2,110,14
2023-03-21 00:00:00,67,8,96,9
2023-03-22 00:00:00,1,1,41,7
2023-03-23 00:00:00,1,1,46,14
2023-03-24 00:00:00,5,4,8,4
2023-03-25 00:00:00,0,0,3,3
2023-03-26 00:00:00,1,1,9,1
2023-03-27 00:00:00,146,10,149,5
2023-03-28 00:00:00,34,3,165,7
2023-03-29 00:00:00,199,3,178,8
2023-03-30 00:00:00,6,6,54,9
2023-03-31 00:00:00,1,1,45,6
2023-04-01 00:00:00,1,1,3,3
2023-04-02 00:00:00,0,0,5,3
2023-04-03 00:00:00,2,2,35,10
2023-04-04 00:00:00,91,2,117,6
2023-04-05 00:00:00,22,6,129,12
2023-04-06 00:00:00,36,3,78,12
2023-04-07 00:00:00,36,4,77,10
2023-04-08 00:00:00,1,1,23,5
2023-04-09 00:00:00,2,2,3,3
2023-04-10 00:00:00,1,1,26,6
2023-04-11 00:00:00,66,5,63,16
2023-04-12 00:00:00,122,12,180,16
2023-04-13 00:00:00,15,1,37,10
2023-04-14 00:00:00,52,5,29,5
2023-04-15 00:00:00,0,0,8,2
2023-04-16 00:00:00,2,2,5,2
2023-04-17 00:00:00,3,2,27,4
2023-04-18 00:00:00,1,1,8,3
2023-04-19 00:00:00,3,2,21,8
2023-04-20 00:00:00,35,4,50,11
2023-04-21 00:00:00,16,1,31,10
2023-04-22 00:00:00,0,0,2,2
2023-04-23 00:00:00,1,1,3,3
2023-04-24 00:00:00,2,1,8,4
2023-04-25 00:00:00,2,2,5,2
2023-04-26 00:00:00,21,6,36,8
2023-04-27 00:00:00,12,1,39,8
2023-04-28 00:00:00,1,1,10,5
2023-04-28 00:00:00,1,1,10,5
2023-04-30 00:00:00,0,0,1,1
2023-05-01 00:00:00,6,4,58,7
2023-05-02 00:00:00,0,0,47,7
2023-05-03 00:00:00,49,3,42,6
2023-05-04 00:00:00,1,1,42,4
2023-05-05 00:00:00,1,1,6,4
2023-05-06 00:00:00,2,1,2,2
2023-05-06 00:00:00,2,1,2,2
2023-05-08 00:00:00,0,0,15,5
2023-05-09 00:00:00,31,1,90,8
2023-05-10 00:00:00,232,3,480,8
2023-05-11 00:00:00,138,6,175,6
2023-05-12 00:00:00,61,9,98,10
2023-05-13 00:00:00,4,4,2,2
2023-05-13 00:00:00,4,4,2,2
2023-05-15 00:00:00,4,3,85,7
2023-05-16 00:00:00,2,2,29,7
2023-05-17 00:00:00,2,2,29,7
2023-05-18 00:00:00,0,0,56,7
2023-05-19 00:00:00,4,4,15,2
2023-05-20 00:00:00,4,2,6,1
2023-05-21 00:00:00,4,2,3,2
2023-05-22 00:00:00,0,0,15,3
2023-05-23 00:00:00,183,8,212,9
2023-05-24 00:00:00,0,0,41,10
2023-05-25 00:00:00,1,1,5,2
2023-05-26 00:00:00,16,1,23,3
2023-05-27 00:00:00,2,2,17,10
2023-05-28 00:00:00,0,0,1,1
2023-05-29 00:00:00,5,4,4,3
2023-05-30 00:00:00,16,1,44,4
2023-05-31 00:00:00,20,4,77,6
2023-06-01 00:00:00,1,1,53,10
2023-06-02 00:00:00,2,2,13,3
2023-06-03 00:00:00,0,0,18,2
2023-06-03 00:00:00,0,0,18,2
2023-06-05 00:00:00,3,3,26,4
2023-06-06 00:00:00,1,1,11,6
2023-06-07 00:00:00,16,1,40,14
2023-06-08 00:00:00,68,3,162,13
2023-06-09 00:00:00,42,4,66,8
2023-06-10 00:00:00,3,1,16,5
2023-06-11 00:00:00,0,0,8,6
2023-06-12 00:00:00,16,3,57,5
2023-06-13 00:00:00,1,1,105,14
2023-06-14 00:00:00,93,4,186,11
2023-06-15 00:00:00,89,9,131,5
2023-06-16 00:00:00,39,6,70,6
2023-06-17 00:00:00,3,2,8,4
2023-06-18 00:00:00,1,1,27,3
2023-06-19 00:00:00,138,6,224,9
2023-06-20 00:00:00,114,7,148,6
2023-06-21 00:00:00,4,3,20,5
2023-06-22 00:00:00,21,6,127,6
2023-06-23 00:00:00,1,1,36,12
2023-06-24 00:00:00,1,1,17,2
2023-06-24 00:00:00,1,1,17,2
2023-06-26 00:00:00,66,8,27,10
2023-06-27 00:00:00,2,2,9,4
2023-06-28 00:00:00,1,1,78,5
2023-06-29 00:00:00,49,3,100,13
2023-06-30 00:00:00,1,1,44,7
2023-07-01 00:00:00,50,4,37,4
2023-07-02 00:00:00,2,2,5,3
2023-07-03 00:00:00,2,2,14,6
2023-07-04 00:00:00,2,2,14,5
2023-07-05 00:00:00,8,4,29,7
2023-07-06 00:00:00,19,4,25,6
2023-07-07 00:00:00,35,3,75,11
2023-07-08 00:00:00,1,1,5,2
2023-07-08 00:00:00,1,1,5,2
2023-07-10 00:00:00,3,2,1,1
2023-07-11 00:00:00,0,0,23,5
2023-07-12 00:00:00,0,0,28,4
2023-07-13 00:00:00,1,1,43,8
2023-07-14 00:00:00,1,1,12,4
2023-07-14 00:00:00,1,1,12,4
2023-07-14 00:00:00,1,1,12,4
2023-07-17 00:00:00,2,2,72,6
2023-07-18 00:00:00,16,2,72,10
2023-07-19 00:00:00,5,2,89,10
2023-07-20 00:00:00,6,3,15,5
2023-07-21 00:00:00,2,2,8,4
2023-07-22 00:00:00,2,1,1,1
2023-07-23 00:00:00,1,1,1,1
2023-07-24 00:00:00,1,1,2,2
2023-07-25 00:00:00,1,1,20,7
2023-07-26 00:00:00,4,1,36,4
2023-07-27 00:00:00,77,4,94,15
2023-07-28 00:00:00,6,4,6,6
2023-07-29 00:00:00,1,1,1,1
2023-07-30 00:00:00,1,1,2,2
2023-07-31 00:00:00,3,3,44,7
2023-08-01 00:00:00,0,0,29,8
2023-08-02 00:00:00,3,3,54,10
2023-08-03 00:00:00,0,0,5,5
2023-08-04 00:00:00,2,2,20,3
2023-08-05 00:00:00,2,2,4,3
2023-08-06 00:00:00,2,2,1,1
2023-08-07 00:00:00,3,2,14,3
2023-08-08 00:00:00,4,3,85,18
2023-08-09 00:00:00,2,1,26,12
2023-08-10 00:00:00,1,1,56,5
2023-08-11 00:00:00,2,2,65,5
2023-08-12 00:00:00,2,1,20,2
2023-08-12 00:00:00,2,1,20,2
2023-08-14 00:00:00,0,0,49,5
2023-08-15 00:00:00,0,0,9,3
2023-08-16 00:00:00,1,1,52,11
2023-08-17 00:00:00,1,1,25,11
2023-08-18 00:00:00,3,3,9,4
2023-08-19 00:00:00,0,0,5,3
2023-08-20 00:00:00,0,0,1,1
2023-08-21 00:00:00,4,3,10,3
2023-08-22 00:00:00,0,0,5,3
2023-08-23 00:00:00,2,2,24,6
2023-08-24 00:00:00,1,1,57,9
2023-08-25 00:00:00,4,3,20,6
2023-08-26 00:00:00,0,0,1,1
2023-08-27 00:00:00,0,0,19,2
2023-08-28 00:00:00,2,2,22,7
2023-08-29 00:00:00,6,4,30,3
2023-08-30 00:00:00,2,2,5,3
2023-08-31 00:00:00,1,1,53,7
2023-09-01 00:00:00,1,1,10,1
2023-09-01 00:00:00,1,1,10,1
2023-09-03 00:00:00,0,0,2,2
2023-09-03 00:00:00,0,0,2,2
2023-09-05 00:00:00,1,1,26,6
2023-09-06 00:00:00,4,3,35,5
2023-09-07 00:00:00,129,6,99,5
2023-09-08 00:00:00,80,2,123,16
2023-09-09 00:00:00,3,2,4,2
2023-09-10 00:00:00,1,1,1,1
2023-09-11 00:00:00,34,4,62,14
2023-09-12 00:00:00,6,6,15,6
2023-09-13 00:00:00,3,2,79,8
2023-09-14 00:00:00,46,7,61,9
2023-09-15 00:00:00,5,5,20,9
2023-09-16 00:00:00,2,2,7,1
2023-09-17 00:00:00,2,2,4,2
2023-09-18 00:00:00,2,1,16,6
2023-09-18 00:00:00,2,1,16,6
2023-09-20 00:00:00,2,1,153,3
2023-09-21 00:00:00,1,1,67,6
2023-09-22 00:00:00,18,3,145,8
2023-09-23 00:00:00,29,1,25,6
2023-09-24 00:00:00,0,0,2,2
2023-09-25 00:00:00,40,7,123,10
2023-09-26 00:00:00,133,4,563,12
2023-09-27 00:00:00,159,6,242,9
2023-09-28 00:00:00,48,5,108,12
2023-09-29 00:00:00,26,8,201,32
2023-09-30 00:00:00,0,0,2,2
2023-10-01 00:00:00,2,2,5,3
2023-10-02 00:00:00,2,2,4,2
2023-10-03 00:00:00,0,0,23,8
2023-10-04 00:00:00,0,0,22,6
2023-10-05 00:00:00,44,1,150,10
2023-10-06 00:00:00,160,6,121,6
2023-10-06 00:00:00,160,6,121,6
2023-10-08 00:00:00,2,2,5,3
2023-10-09 00:00:00,279,10,312,11
2023-10-10 00:00:00,161,4,167,10
2023-10-11 00:00:00,1,1,84,8
2023-10-12 00:00:00,135,11,106,6
2023-10-13 00:00:00,275,10,238,10
2023-10-14 00:00:00,3,3,2,2
2023-10-15 00:00:00,0,0,1,1
2023-10-16 00:00:00,5,4,73,7
2023-10-17 00:00:00,1,1,23,12
2023-10-18 00:00:00,2,1,56,11
2023-10-19 00:00:00,1,1,61,9
2023-10-20 00:00:00,1,1,31,4
2023-10-20 00:00:00,1,1,31,4
2023-10-22 00:00:00,0,0,1,1
2023-10-23 00:00:00,1,1,2,2
2023-10-24 00:00:00,20,2,78,12
2023-10-25 00:00:00,0,0,15,6
2023-10-26 00:00:00,15,3,91,7
2023-10-27 00:00:00,93,7,99,10
2023-10-28 00:00:00,1,1,3,2
2023-10-29 00:00:00,1,1,1,1
2023-10-30 00:00:00,2,2,27,4
2023-10-31 00:00:00,2,1,15,3
2023-11-01 00:00:00,2,2,12,9
2023-11-02 00:00:00,3,3,10,5
2023-11-03 00:00:00,80,4,85,15
2023-11-04 00:00:00,5,4,4,2
2023-11-04 00:00:00,5,4,4,2
2023-11-06 00:00:00,17,3,2,2
2023-11-07 00:00:00,86,8,301,18
2023-11-08 00:00:00,4,4,91,8
2023-11-09 00:00:00,1,1,40,15
2023-11-10 00:00:00,4,2,15,4
2023-11-13 00:00:00,2,2,6,5
2023-11-14 00:00:00,30,1,41,9
2023-11-15 00:00:00,89,10,118,16
2023-11-16 00:00:00,47,1,223,9
2023-11-17 00:00:00,73,9,60,13
2023-11-18 00:00:00,2,2,13,5
2023-11-19 00:00:00,0,0,3,2
2023-11-20 00:00:00,17,3,130,10
2023-11-21 00:00:00,2,2,43,6
2023-11-22 00:00:00,1,1,14,4
2023-11-23 00:00:00,0,0,2,2
2023-11-24 00:00:00,1,1,7,4
2023-11-25 00:00:00,2,2,5,5
2023-11-26 00:00:00,1,1,1,1
2023-11-27 00:00:00,2,2,2,2
2023-11-28 00:00:00,101,7,188,9
2023-11-29 00:00:00,169,10,169,6
2023-11-30 00:00:00,289,10,379,7
2023-12-01 00:00:00,41,7,145,16
2023-12-02 00:00:00,33,3,47,4
2023-12-03 00:00:00,1,1,2,2
2023-12-04 00:00:00,46,13,101,6
2023-12-05 00:00:00,22,4,63,6
2023-12-06 00:00:00,53,6,85,9
2023-12-07 00:00:00,2,2,18,7
2023-12-08 00:00:00,3,3,32,12
2023-12-09 00:00:00,3,3,1,1
2023-12-10 00:00:00,0,0,41,35
2023-12-11 00:00:00,66,4,177,12
2023-12-12 00:00:00,64,4,226,13
2023-12-13 00:00:00,110,3,323,6
2023-12-14 00:00:00,22,4,71,9
2023-12-15 00:00:00,36,4,44,10
2023-12-16 00:00:00,4,3,5,2
2023-12-17 00:00:00,1,1,3,3
2023-12-18 00:00:00,17,2,36,12
2023-12-19 00:00:00,67,4,91,12
2023-12-20 00:00:00,66,5,112,17
2023-12-21 00:00:00,102,8,158,16
2023-12-22 00:00:00,10,5,9,5
2023-12-23 00:00:00,2,2,3,3
2023-12-24 00:00:00,0,0,3,1
2023-12-25 00:00:00,2,1,4,3
2023-12-26 00:00:00,1,1,22,8
2023-12-27 00:00:00,0,0,2,2
2023-12-28 00:00:00,0,0,3,3
2023-12-29 00:00:00,2,2,59,5
2023-12-30 00:00:00,0,0,6,6
2023-12-31 00:00:00,0,0,9,1
2023-12-31 00:00:00,0,0,9,1
2024-01-02 00:00:00,3,2,9,6
2024-01-03 00:00:00,0,0,239,13
2024-01-04 00:00:00,0,0,67,8
2024-01-05 00:00:00,1,1,56,3
2024-01-06 00:00:00,1,1,8,2
2024-01-07 00:00:00,1,1,6,4
2024-01-08 00:00:00,39,5,217,6
2024-01-09 00:00:00,96,5,124,10
2024-01-10 00:00:00,131,12,187,7
2024-01-11 00:00:00,9,6,251,9
2024-01-12 00:00:00,13,5,118,11
2024-01-13 00:00:00,2,2,14,9
2024-01-14 00:00:00,1,1,5,4
2024-01-15 00:00:00,6,4,46,3
2024-01-16 00:00:00,120,1,294,13
2024-01-17 00:00:00,1,1,16,6
2024-01-18 00:00:00,95,5,142,12
2024-01-19 00:00:00,45,8,75,4
2024-01-20 00:00:00,4,4,75,3
2024-01-21 00:00:00,1,1,6,2
2024-01-22 00:00:00,56,7,194,6
2024-01-23 00:00:00,104,7,102,9
2024-01-24 00:00:00,36,4,82,6
2024-01-25 00:00:00,17,2,82,10
2024-01-26 00:00:00,34,3,48,9
2024-01-26 00:00:00,34,3,48,9
2024-01-28 00:00:00,0,0,6,4
2024-01-29 00:00:00,22,4,41,10
2024-01-30 00:00:00,4,3,58,11
2024-01-31 00:00:00,102,5,144,12
2024-02-01 00:00:00,47,9,50,5
2024-04-09 00:00:00+00:00,37,5,32,6
2024-04-10 00:00:00+00:00,48,4,97,11
2024-04-11 00:00:00+00:00,125,2,229,8
2024-04-12 00:00:00+00:00,28,4,68,9
2024-04-13 00:00:00+00:00,14,3,9,2
2024-04-14 00:00:00+00:00,13,2,2,2
2024-04-15 00:00:00+00:00,178,16,148,5
2024-04-16 00:00:00+00:00,50,5,27,5
2024-04-17 00:00:00+00:00,17,6,7,3
2024-04-18 00:00:00+00:00,19,4,40,4
2024-04-19 00:00:00+00:00,14,2,12,3
2024-04-20 00:00:00+00:00,13,2,2,2
2024-04-21 00:00:00+00:00,12,1,1,1
2024-04-22 00:00:00+00:00,14,3,10,9
2024-04-23 00:00:00+00:00,12,1,12,6
2024-04-24 00:00:00+00:00,16,5,2,1
2024-04-25 00:00:00+00:00,13,2,47,7
2024-04-26 00:00:00+00:00,13,1,32,9
2024-04-27 00:00:00+00:00,13,2,4,2
2024-04-27 00:00:00+00:00,13,2,4,2
2024-04-29 00:00:00+00:00,16,2,24,6
2024-04-30 00:00:00+00:00,13,2,29,5
2024-05-01 00:00:00+00:00,65,3,158,9
2024-05-02 00:00:00+00:00,68,6,196,16
2024-05-03 00:00:00+00:00,14,2,14,4
2024-05-04 00:00:00+00:00,16,4,4,4
2024-05-05 00:00:00+00:00,13,2,6,2
2024-05-06 00:00:00+00:00,17,5,14,9
2024-05-07 00:00:00+00:00,86,7,128,11
2024-05-08 00:00:00+00:00,14,3,25,7
2024-05-09 00:00:00+00:00,16,5,84,7
2024-05-10 00:00:00+00:00,13,1,29,4
2024-05-11 00:00:00+00:00,13,2,13,4
2024-05-12 00:00:00+00:00,13,2,3,2
2024-05-13 00:00:00+00:00,14,3,44,3
2024-05-14 00:00:00+00:00,37,7,77,12
2024-05-15 00:00:00+00:00,21,2,52,10
2024-05-16 00:00:00+00:00,112,9,22,4
2024-05-17 00:00:00+00:00,214,5,45,6
2024-05-18 00:00:00+00:00,14,3,22,3
2024-05-19 00:00:00+00:00,12,1,2,2
2024-05-20 00:00:00+00:00,29,2,19,9
2024-05-21 00:00:00+00:00,40,8,104,11
2024-05-22 00:00:00+00:00,68,7,148,13
2024-05-23 00:00:00+00:00,16,4,43,10
2024-05-24 00:00:00+00:00,15,2,8,3
2024-05-25 00:00:00+00:00,13,2,2,2
2024-05-26 00:00:00+00:00,12,1,57,4
2024-05-27 00:00:00+00:00,14,3,1,1
2024-05-28 00:00:00+00:00,15,4,20,7
2024-05-29 00:00:00+00:00,43,2,251,8
2024-05-30 00:00:00+00:00,13,2,11,5
2024-05-31 00:00:00+00:00,30,1,41,5
2024-06-01 00:00:00+00:00,14,3,1,1
2024-06-02 00:00:00+00:00,12,1,1,1
2024-06-03 00:00:00+00:00,28,5,71,7
2024-06-04 00:00:00+00:00,15,3,90,5
2024-06-05 00:00:00+00:00,35,6,11,4
2024-06-06 00:00:00+00:00,13,2,98,6
2024-06-07 00:00:00+00:00,15,3,9,5
2024-06-08 00:00:00+00:00,13,2,37,3
2024-06-08 00:00:00+00:00,13,2,37,3
